{"cameraMode":{"drawMode":0,"name":"Shaded","section":"Shading Mode"},"sceneLighting":false,"audioPlay":false,"sceneViewState":{"m_AlwaysRefresh":false,"showFog":true,"showSkybox":true,"showFlares":true,"showImageEffects":true,"showParticleSystems":true,"showVisualEffectGraphs":true,"m_FxEnabled":true},"in2DMode":false,"pivot":{"x":11.886226654052735,"y":10.403130531311036,"z":-24.300132751464845},"rotation":{"x":-0.04576881229877472,"y":-0.12998954951763154,"z":0.006015840917825699,"w":-0.9904395341873169},"size":19.433887481689454,"orthographic":true}